{"stats":{"minecraft:killed_by":{"minecraft:zombie":3},"minecraft:picked_up":{"minecraft:azure_bluet":1,"minecraft:dandelion":1,"minecraft:poppy":1,"minecraft:mutton":4,"minecraft:dirt":12,"minecraft:white_wool":1},"minecraft:killed":{"minecraft:sheep":1},"minecraft:custom":{"minecraft:time_since_rest":61,"minecraft:damage_taken":750,"minecraft:deaths":3,"minecraft:crouch_one_cm":175,"minecraft:sprint_one_cm":15209,"minecraft:play_time":11749,"minecraft:walk_one_cm":13814,"minecraft:sneak_time":25,"minecraft:mob_kills":1,"minecraft:jump":73,"minecraft:damage_dealt":80,"minecraft:leave_game":4,"minecraft:time_since_death":0,"minecraft:total_world_time":11749,"minecraft:fall_one_cm":1314,"minecraft:fly_one_cm":15496},"minecraft:mined":{"minecraft:grass":9,"minecraft:grass_block":10,"minecraft:poppy":1,"minecraft:dirt":2,"minecraft:dandelion":2,"minecraft:azure_bluet":1},"minecraft:used":{"minecraft:dirt":8}},"DataVersion":3465}