{"stats":{"minecraft:killed":{"minecraft:sheep":1},"minecraft:mined":{"minecraft:grass":7,"minecraft:grass_block":8,"minecraft:dirt":2},"minecraft:custom":{"minecraft:jump":63,"minecraft:time_since_rest":7620,"minecraft:leave_game":1,"minecraft:damage_dealt":80,"minecraft:crouch_one_cm":175,"minecraft:sprint_one_cm":11907,"minecraft:play_time":7620,"minecraft:time_since_death":7620,"minecraft:walk_one_cm":8119,"minecraft:sneak_time":25,"minecraft:total_world_time":7620,"minecraft:mob_kills":1,"minecraft:fall_one_cm":1314,"minecraft:fly_one_cm":11458},"minecraft:used":{"minecraft:dirt":8},"minecraft:picked_up":{"minecraft:mutton":2,"minecraft:white_wool":1,"minecraft:dirt":10}},"DataVersion":3465}