{"stats":{"minecraft:killed_by":{"minecraft:zombie":4},"minecraft:picked_up":{"minecraft:azure_bluet":1,"minecraft:dandelion":1,"minecraft:poppy":1,"minecraft:mutton":4,"minecraft:dirt":16,"minecraft:white_wool":1},"minecraft:custom":{"minecraft:time_since_rest":1353,"minecraft:damage_taken":1000,"minecraft:deaths":4,"minecraft:crouch_one_cm":175,"minecraft:sprint_one_cm":15635,"minecraft:play_time":13855,"minecraft:walk_one_cm":14793,"minecraft:sneak_time":25,"minecraft:mob_kills":1,"minecraft:jump":74,"minecraft:damage_dealt":80,"minecraft:leave_game":7,"minecraft:time_since_death":0,"minecraft:total_world_time":13855,"minecraft:fall_one_cm":1314,"minecraft:fly_one_cm":16346},"minecraft:mined":{"minecraft:grass":9,"minecraft:grass_block":14,"minecraft:poppy":1,"minecraft:dirt":2,"minecraft:dandelion":2,"minecraft:azure_bluet":1},"minecraft:used":{"minecraft:dirt":8},"minecraft:killed":{"minecraft:sheep":1}},"DataVersion":3465}