{"stats":{"minecraft:picked_up":{"minecraft:azure_bluet":1,"minecraft:dandelion":1,"minecraft:poppy":1,"minecraft:mutton":2,"minecraft:dirt":10,"minecraft:white_wool":1},"minecraft:killed_by":{"minecraft:zombie":1},"minecraft:used":{"minecraft:dirt":8},"minecraft:mined":{"minecraft:poppy":1,"minecraft:grass":7,"minecraft:grass_block":8,"minecraft:dirt":2,"minecraft:dandelion":2,"minecraft:azure_bluet":1},"minecraft:custom":{"minecraft:time_since_rest":399,"minecraft:crouch_one_cm":175,"minecraft:sprint_one_cm":13764,"minecraft:play_time":10848,"minecraft:deaths":1,"minecraft:damage_taken":350,"minecraft:walk_one_cm":11182,"minecraft:sneak_time":25,"minecraft:mob_kills":1,"minecraft:jump":69,"minecraft:damage_dealt":80,"minecraft:leave_game":3,"minecraft:time_since_death":330,"minecraft:total_world_time":10848,"minecraft:fall_one_cm":1314,"minecraft:fly_one_cm":13637},"minecraft:killed":{"minecraft:sheep":1}},"DataVersion":3465}