{"stats":{"minecraft:picked_up":{"minecraft:mutton":2,"minecraft:white_wool":1,"minecraft:dirt":10},"minecraft:used":{"minecraft:dirt":8},"minecraft:killed":{"minecraft:sheep":1},"minecraft:custom":{"minecraft:jump":63,"minecraft:time_since_rest":9946,"minecraft:damage_dealt":80,"minecraft:leave_game":2,"minecraft:crouch_one_cm":175,"minecraft:play_time":9946,"minecraft:sprint_one_cm":12852,"minecraft:time_since_death":9946,"minecraft:walk_one_cm":9158,"minecraft:sneak_time":25,"minecraft:total_world_time":9946,"minecraft:mob_kills":1,"minecraft:fly_one_cm":11458,"minecraft:fall_one_cm":1314},"minecraft:mined":{"minecraft:grass":7,"minecraft:grass_block":8,"minecraft:dirt":2}},"DataVersion":3465}